{
  "sessionNumber": 2,
  "sessionState": "Racing",
  "flags": "StartHidden",
  "sessionLapsRemaining": 32767,
  "isActive": true,
  "isAvailable": true,
  "isCarTelemetryActive": false,
  "timing": {
    "sessionTime": 984.8166666685831,
    "raceTimeRemaining": 2047.1999999980835,
    "estimatedRaceLaps": 30.60158712075857,
    "estimatedWholeRaceLaps": 31,
    "leaderLapsRemaining": 23.60158712075857,
    "leaderWholeLapsRemaining": 23,
    "simTimeOfDay": 33084,
    "simDate": null
  },
  "conditions": {
    "airDensity": 1.1618008613586426,
    "airPressure": 99758.8203125,
    "airTemp": 23.861669540405273,
    "fogLevel": 0,
    "skies": "Partly cloudy",
    "weatherType": 1,
    "trackTemp": 26.111114501953125,
    "trackUsage": null,
    "relativeHumidity": 0.6342273354530334,
    "windDirection": "W (287°)",
    "windSpeed": 3.5274159908294678
  }
}
